<PackageItem xmlns:tcm="http://www.tridion.com/ContentManager/5.0" xmlns:xlink="http://www.w3.org/1999/xlink" xmlns="http://www.sdltridion.com/ContentManager/ImportExport/Package/2013">
  <BinaryFileLocation>Binaries\1047-9941-2048.tbbasm</BinaryFileLocation>
  <Data>
    <tcm:Data>
      <tcm:Title>Tridion.SmartTarget.Templating</tcm:Title>
      <tcm:Type>AssemblyTemplate</tcm:Type>
      <tcm:Content>
        <tcm:PublisherScript />
      </tcm:Content>
      <tcm:MetadataSchema xlink:type="simple" xlink:title="" xlink:href="tcm:0-0-0" />
      <tcm:ParameterSchema xlink:type="simple" xlink:title="" xlink:href="tcm:0-0-0" />
      <tcm:Metadata />
      <tcm:MultimediaFilename>Tridion.SmartTarget.Templating</tcm:MultimediaFilename>
      <tcm:MultimediaFileSize>48128</tcm:MultimediaFileSize>
      <tcm:IsExternalMultimediaFile>false</tcm:IsExternalMultimediaFile>
    </tcm:Data>
  </Data>
  <Dependencies>
    <Dependency dependencyType="Publication" itemUrl="/webdav/000%20Empty" linkName="LocationInfo/ContextRepository" />
    <Dependency dependencyType="OrganizationalItemFolder" itemUrl="/webdav/000%20Empty/Building%20Blocks/Default%20Templates/SmartTarget" linkName="LocationInfo/OrganizationalItem" />
  </Dependencies>
</PackageItem>