<PackageItem xmlns:tcm="http://www.tridion.com/ContentManager/5.0" xmlns:xlink="http://www.w3.org/1999/xlink" xmlns="http://www.sdltridion.com/ContentManager/ImportExport/Package/2013">
  <Data>
    <tcm:Data>
      <tcm:Title>Generate Component Presentation</tcm:Title>
      <tcm:Type>CSharpTemplate</tcm:Type>
      <tcm:Content>
        <tcm:PublisherScript>&lt;%@ Import Namespace="Tridion.ContentManager.ContentManagement.Fields"%&gt;

var templateUri = engine.PublishingContext.ResolvedItem.Template.Id;
ComponentTemplate componentTemplate = (ComponentTemplate) engine.GetSession().GetObject(templateUri);
ItemFields metadataFields = new ItemFields(componentTemplate.Metadata, componentTemplate.MetadataSchema);

var componentOutput = package.GetByName(Package.OutputName).GetAsString();

StringBuilder output = new StringBuilder();
output.Append("{");
output.Append("\"Component\": " + componentOutput);
output.Append(",\"ComponentTemplate\": {");
output.Append("\"Id\": \"" + componentTemplate.Id + "\",");
output.Append("\"Title\": \"" + componentTemplate.Title + "\",");
output.Append("\"OutputFormat\": \"" + componentTemplate.OutputFormat + "\",");
output.Append("\"RevisionDate\": \"" + componentTemplate.RevisionDate.ToString("s") + "\",");
output.Append("\"MetadataFields\": { ");
for (int i=0; i &lt; metadataFields.Count; i++ )
{
   var field = metadataFields[i];
   // Only support single-value text fields for now
   //
   output.Append("\"" + field.Name + "\" : { ");
   output.Append("\"Name\": \"" + field.Name + "\",");
   output.Append("\"Values\": [\"" + field.ToString() + "\"],");
   output.Append("\"FieldType\": 0");
   output.Append("}");  
   if ( i &lt; metadataFields.Count-1 ) 
   {
       output.Append(",");
   }
}
output.Append("}");
output.Append("}");
output.Append("}");  

package.PushItem(Package.OutputName, package.CreateStringItem(ContentType.Text, output.ToString()));</tcm:PublisherScript>
      </tcm:Content>
      <tcm:MetadataSchema xlink:type="simple" xlink:title="" xlink:href="tcm:0-0-0" />
      <tcm:ParameterSchema xlink:type="simple" xlink:title="" xlink:href="tcm:0-0-0" />
      <tcm:Metadata />
    </tcm:Data>
  </Data>
  <Dependencies>
    <Dependency dependencyType="Publication" itemUrl="/webdav/100%20Master" linkName="LocationInfo/ContextRepository" />
    <Dependency dependencyType="OrganizationalItemFolder" itemUrl="/webdav/100%20Master/Building%20Blocks/Modules/DD4T/Developer/DD4T%20Template%20Building%20Blocks" linkName="LocationInfo/OrganizationalItem" />
  </Dependencies>
</PackageItem>