<PackageItem xmlns:tcm="http://www.tridion.com/ContentManager/5.0" xmlns:xlink="http://www.w3.org/1999/xlink" xmlns:xsd="http://www.w3.org/2001/XMLSchema" xmlns="http://www.sdltridion.com/ContentManager/ImportExport/Package/2013">
  <Data>
    <tcm:Data xmlns:xlink="http://www.w3.org/1999/xlink" xmlns:i="http://www.w3.org/2001/XMLSchema-instance">
      <tcm:Title>Default Finish Actions</tcm:Title>
      <tcm:Description>Default Finish Actions</tcm:Description>
      <tcm:Purpose>TemplateParameters</tcm:Purpose>
      <tcm:NamespaceURI>uuid:C695849C-4EFA-4F72-B8F2-68170C9F86C3</tcm:NamespaceURI>
      <tcm:RootElementName>Parameters</tcm:RootElementName>
      <tcm:IsTridionWebSchema>true</tcm:IsTridionWebSchema>
      <tcm:XSD>
        <xsd:schema xmlns="uuid:C695849C-4EFA-4F72-B8F2-68170C9F86C3" xmlns:tcmi="http://www.tridion.com/ContentManager/5.0/Instance" xmlns:xsd="http://www.w3.org/2001/XMLSchema" elementFormDefault="qualified" targetNamespace="uuid:C695849C-4EFA-4F72-B8F2-68170C9F86C3">
        <xsd:import namespace="http://www.tridion.com/ContentManager/5.0/Instance" schemaLocation="/webdav/cm_xml_inst.xsd" />
        <xsd:annotation>
          <xsd:appinfo>
            <tcm:Labels xmlns:tcm="http://www.tridion.com/ContentManager/5.0">
              <tcm:Label ElementName="sg_TargetStructureGroup" Metadata="false">Binaries target structure group</tcm:Label>
            </tcm:Labels>
          </xsd:appinfo>
        </xsd:annotation>
        <xsd:element name="Parameters">
          <xsd:complexType>
            <xsd:sequence>
              <xsd:element name="sg_TargetStructureGroup" minOccurs="0" maxOccurs="1" type="tcmi:SimpleLink">
                <xsd:annotation>
                  <xsd:appinfo>
                    <tcm:CustomURL xmlns:tcm="http://www.tridion.com/ContentManager/5.0">/TemplateBuilder/TemplateParameterDescriptions/DefaultFinishActions.html#sg_TargetStructureGroup</tcm:CustomURL>
                    <tcm:ExtensionXml xmlns:tcm="http://www.tridion.com/ContentManager/5.0" />
                    <tcm:linktype xmlns:tcm="http://www.tridion.com/ContentManager/5.0">ExternalLink</tcm:linktype>
                  </xsd:appinfo>
                </xsd:annotation>
              </xsd:element>
            </xsd:sequence>
          </xsd:complexType>
        </xsd:element>
      </xsd:schema>
      </tcm:XSD>
      <tcm:AllowedMultimediaTypes />
      <tcm:ComponentProcess xlink:type="simple" xlink:title="" xlink:href="tcm:0-0-0" />
      <tcm:BundleProcess xlink:type="simple" xlink:title="" xlink:href="tcm:0-0-0" />
      <tcm:DeleteBundleOnProcessFinished>false</tcm:DeleteBundleOnProcessFinished>
    </tcm:Data>
  </Data>
  <Dependencies>
    <Dependency dependencyType="Publication" itemUrl="/webdav/000%20Empty" linkName="LocationInfo/ContextRepository" />
    <Dependency dependencyType="OrganizationalItemFolder" itemUrl="/webdav/000%20Empty/Building%20Blocks/Default%20Templates" linkName="LocationInfo/OrganizationalItem" />
  </Dependencies>
</PackageItem>