<PackageItem xmlns:tcm="http://www.tridion.com/ContentManager/5.0" xmlns:xlink="http://www.w3.org/1999/xlink" xmlns:xsd="http://www.w3.org/2001/XMLSchema" xmlns="http://www.sdltridion.com/ContentManager/ImportExport/Package/2013">
  <Data>
    <tcm:Data xmlns:xlink="http://www.w3.org/1999/xlink" xmlns:i="http://www.w3.org/2001/XMLSchema-instance">
      <tcm:Title>Resources - Custom</tcm:Title>
      <tcm:Description>Resources - Custom</tcm:Description>
      <tcm:Purpose>Component</tcm:Purpose>
      <tcm:NamespaceURI>http://www.sdl.com/web/schemas/core</tcm:NamespaceURI>
      <tcm:RootElementName>ResourcesCustom</tcm:RootElementName>
      <tcm:IsTridionWebSchema>true</tcm:IsTridionWebSchema>
      <tcm:XSD>
        <xsd:schema xmlns:xsd="http://www.w3.org/2001/XMLSchema" xmlns="http://www.sdl.com/web/schemas/core" xmlns:tcmi="http://www.tridion.com/ContentManager/5.0/Instance" elementFormDefault="qualified" targetNamespace="http://www.sdl.com/web/schemas/core">
        <xsd:import namespace="http://www.tridion.com/ContentManager/5.0/Instance" schemaLocation="/webdav/cm_xml_inst.xsd" />
        <xsd:annotation>
          <xsd:appinfo>
            <tcm:Labels xmlns:tcm="http://www.tridion.com/ContentManager/5.0">
              <tcm:Label ElementName="defaultPageTitle" Metadata="false">Default page title</tcm:Label>
              <tcm:Label ElementName="pageTitlePostfix" Metadata="false">Page title postfix</tcm:Label>
              <tcm:Label ElementName="pageTitleSeparator" Metadata="false">Page title separator</tcm:Label>
            </tcm:Labels>
          </xsd:appinfo>
        </xsd:annotation>
        <xsd:element name="ResourcesCustom">
          <xsd:complexType>
            <xsd:sequence>
              <xsd:element name="defaultPageTitle" minOccurs="1" maxOccurs="1" type="xsd:normalizedString">
                <xsd:annotation>
                  <xsd:appinfo>
                    <ExtensionXml xmlns="http://www.tridion.com/ContentManager/5.0" />
                  </xsd:appinfo>
                </xsd:annotation>
              </xsd:element>
              <xsd:element name="pageTitlePostfix" minOccurs="1" maxOccurs="1" type="xsd:normalizedString">
                <xsd:annotation>
                  <xsd:appinfo>
                    <ExtensionXml xmlns="http://www.tridion.com/ContentManager/5.0" />
                  </xsd:appinfo>
                </xsd:annotation>
              </xsd:element>
              <xsd:element name="pageTitleSeparator" minOccurs="1" maxOccurs="1" type="xsd:normalizedString">
                <xsd:annotation>
                  <xsd:appinfo>
                    <ExtensionXml xmlns="http://www.tridion.com/ContentManager/5.0" />
                    <tcm:DefaultTextValue xmlns:tcm="http://www.tridion.com/ContentManager/5.0">|</tcm:DefaultTextValue>
                  </xsd:appinfo>
                </xsd:annotation>
              </xsd:element>
            </xsd:sequence>
          </xsd:complexType>
        </xsd:element>
      </xsd:schema>
      </tcm:XSD>
      <tcm:AllowedMultimediaTypes />
      <tcm:ComponentProcess xlink:type="simple" xlink:title="" xlink:href="tcm:0-0-0" />
      <tcm:BundleProcess xlink:type="simple" xlink:title="" xlink:href="tcm:0-0-0" />
      <tcm:DeleteBundleOnProcessFinished>false</tcm:DeleteBundleOnProcessFinished>
    </tcm:Data>
  </Data>
  <Dependencies>
    <Dependency dependencyType="Publication" itemUrl="/webdav/100%20Master" linkName="LocationInfo/ContextRepository" />
    <Dependency dependencyType="OrganizationalItemFolder" itemUrl="/webdav/100%20Master/Building%20Blocks/Modules/Core/Site%20Manager/Schemas" linkName="LocationInfo/OrganizationalItem" />
  </Dependencies>
</PackageItem>