<PackageItem xmlns:tcm="http://www.tridion.com/ContentManager/5.0" xmlns:xlink="http://www.w3.org/1999/xlink" xmlns="http://www.sdltridion.com/ContentManager/ImportExport/Package/2013">
  <Data>
    <tcm:Data>
      <tcm:Title>Custom Resources</tcm:Title>
      <tcm:Type>Normal</tcm:Type>
      <tcm:Schema xlink:type="simple" xlink:title="Resources - Custom" xlink:href="/webdav/100%20Master/Building%20Blocks/Modules/Core/Site%20Manager/Schemas/Resources%20-%20Custom.xsd" IsMandatory="false" />
      <tcm:Content>
        <ResourcesCustom xmlns="http://www.sdl.com/web/schemas/core">
          <defaultPageTitle>Welcome</defaultPageTitle>
          <pageTitlePostfix>My Site</pageTitlePostfix>
          <pageTitleSeparator>|</pageTitleSeparator>
        </ResourcesCustom>
      </tcm:Content>
      <tcm:Metadata />
      <tcm:IsBasedOnTridionWebSchema>true</tcm:IsBasedOnTridionWebSchema>
      <tcm:MultimediaType xlink:type="simple" xlink:title="" xlink:href="tcm:0-0-0" />
    </tcm:Data>
  </Data>
  <Dependencies>
    <Dependency dependencyType="Publication" itemUrl="/webdav/100%20Master" linkName="LocationInfo/ContextRepository" />
    <Dependency dependencyType="OrganizationalItemFolder" itemUrl="/webdav/100%20Master/Building%20Blocks/Settings/Core/Site%20Manager" linkName="LocationInfo/OrganizationalItem" />
    <Dependency dependencyType="Schema" itemUrl="/webdav/100%20Master/Building%20Blocks/Modules/Core/Site%20Manager/Schemas/Resources%20-%20Custom.xsd" linkName="Schema" />
  </Dependencies>
</PackageItem>